{"stats":{"minecraft:picked_up":{"minecraft:dirt":5,"minecraft:egg":1},"minecraft:mined":{"minecraft:grass":1,"minecraft:grass_block":5,"minecraft:dirt":2,"minecraft:oak_leaves":1},"minecraft:custom":{"minecraft:time_since_rest":902,"minecraft:crouch_one_cm":2960,"minecraft:sprint_one_cm":6947,"minecraft:play_time":5433,"minecraft:walk_one_cm":16653,"minecraft:damage_taken":515,"minecraft:deaths":2,"minecraft:sneak_time":980,"minecraft:walk_under_water_one_cm":467,"minecraft:jump":96,"minecraft:damage_dealt":25,"minecraft:leave_game":2,"minecraft:time_since_death":770,"minecraft:walk_on_water_one_cm":477,"minecraft:total_world_time":5433,"minecraft:swim_one_cm":5172,"minecraft:fall_one_cm":5557,"minecraft:fly_one_cm":11019},"minecraft:used":{"minecraft:dirt":5},"minecraft:killed_by":{"minecraft:skeleton":1,"minecraft:spider":1}},"DataVersion":3465}