{"stats":{"minecraft:picked_up":{"minecraft:dirt":1,"minecraft:egg":1},"minecraft:killed":{"minecraft:skeleton":1},"minecraft:custom":{"minecraft:jump":68,"minecraft:time_since_rest":15169,"minecraft:damage_dealt":110,"minecraft:crouch_one_cm":42,"minecraft:leave_game":1,"minecraft:sprint_one_cm":265,"minecraft:play_time":15169,"minecraft:damage_taken":40,"minecraft:time_since_death":15169,"minecraft:walk_one_cm":12297,"minecraft:sneak_time":33,"minecraft:total_world_time":15169,"minecraft:mob_kills":1,"minecraft:fly_one_cm":5196},"minecraft:used":{"minecraft:egg":2,"minecraft:dirt":1}},"DataVersion":3465}