{"stats":{"minecraft:picked_up":{"minecraft:dirt":1,"minecraft:egg":1},"minecraft:killed":{"minecraft:skeleton":1},"minecraft:custom":{"minecraft:jump":126,"minecraft:time_since_rest":33048,"minecraft:damage_dealt":250,"minecraft:crouch_one_cm":42,"minecraft:leave_game":3,"minecraft:sprint_one_cm":3820,"minecraft:play_time":33048,"minecraft:damage_taken":40,"minecraft:time_since_death":33048,"minecraft:walk_one_cm":16530,"minecraft:sneak_time":33,"minecraft:total_world_time":33048,"minecraft:mob_kills":2,"minecraft:fly_one_cm":23291},"minecraft:used":{"minecraft:egg":2,"minecraft:dirt":1}},"DataVersion":3465}