{"stats":{"minecraft:dropped":{"minecraft:tnt":1,"minecraft:flint_and_steel":1},"minecraft:custom":{"minecraft:jump":48,"minecraft:time_since_rest":7542,"minecraft:leave_game":3,"minecraft:sprint_one_cm":2987,"minecraft:play_time":7542,"minecraft:time_since_death":7542,"minecraft:walk_on_water_one_cm":233,"minecraft:walk_one_cm":1908,"minecraft:sneak_time":58,"minecraft:total_world_time":7542,"minecraft:walk_under_water_one_cm":6943,"minecraft:drop":2,"minecraft:fall_one_cm":1939,"minecraft:fly_one_cm":24000},"minecraft:used":{"minecraft:tnt":2,"minecraft:flint_and_steel":1}},"DataVersion":3465}