{"stats":{"minecraft:used":{"minecraft:flint_and_steel":1,"minecraft:tnt":2},"minecraft:dropped":{"minecraft:tnt":1,"minecraft:flint_and_steel":1},"minecraft:custom":{"minecraft:jump":34,"minecraft:time_since_rest":6611,"minecraft:play_time":6611,"minecraft:leave_game":2,"minecraft:sprint_one_cm":2291,"minecraft:walk_on_water_one_cm":233,"minecraft:time_since_death":6611,"minecraft:walk_one_cm":891,"minecraft:sneak_time":58,"minecraft:total_world_time":6611,"minecraft:walk_under_water_one_cm":6943,"minecraft:drop":2,"minecraft:fall_one_cm":1939,"minecraft:fly_one_cm":21565}},"DataVersion":3465}